id,judul,daerah,pulau,kategori,tokoh,ringkasan,teks,nilai_moral,kata_kunci,sumber,lisensi
CR-001,Malin Kundang,Sumatera Barat,Sumatra,Legenda,Malin Kundang; Ibu; Pedagang,"Seorang pemuda miskin bernama Malin merantau dan menjadi kaya. Ia menyangkal ibunya saat pulang, lalu dikutuk menjadi batu sebagai pelajaran tentang bakti anak.","Di sebuah kampung pesisir di Sumatera Barat, tinggal Malin dan ibunya yang sederhana. 
Ketika dewasa, Malin berlayar mengikuti rombongan pedagang. Nasib baik berpihak padanya: 
ia bekerja keras, cerdas berdagang, hingga memiliki kapal dan istri dari keluarga terpandang. 
Suatu hari kapalnya berlabuh di kampung asal. Ibunya mengenalinya dan menyambut dengan haru. 
Namun, Malin malu mengakui ibu yang berpakaian lusuh itu di depan para awak dan istrinya. 
Ia mengusir sang ibu, menuduhnya memalukan. Hati sang ibu remuk; ia berdoa agar Tuhan memberi pelajaran. 
Langit menggelap, badai menggoncang. Petir menyambar, kapal pecah, dan Malin beserta hartanya terhempas. 
Ketika badai reda, di tepi pantai tampak batu besar menyerupai sosok berlutut—orang-orang menyebutnya Batu Malin Kundang. 
Sejak saat itu, anak-anak di kampung diajari untuk tidak durhaka kepada orang tua.",Bakti kepada orang tua; Rendah hati; Jangan congkak,pantai;batu kutukan;anak durhaka;minangkabau,Tradisi lisan Minangkabau,CC0 (retelling original)
CR-002,Asal-usul Danau Toba,Sumatera Utara,Sumatra,Legenda,Pemuda; Putri Ikan; Anak,"Seorang pemuda menikahi putri jelmaan ikan dengan syarat rahasia asal-usulnya tak diungkap. Ketika ia melanggar, kutukan memunculkan danau luas bernama Danau Toba.","Seorang pemuda penangkap ikan menemukan seekor ikan emas yang dapat berbicara. 
Ikan itu berubah menjadi gadis cantik yang mengakui dirinya terkutuk. Mereka menikah dengan satu syarat: 
sang pemuda tak boleh mengungkit asal-usul istrinya. Bertahun-tahun kemudian, lahirlah seorang anak yang rakus dan ceroboh. 
Saat emosi, sang ayah memaki, “Dasar anak ikan!” Melanggar janji itu mengguncang alam. 
Langit menurunkan hujan tak berkesudahan, bumi retak, air memancar dari segala arah. 
Sang ibu dan anaknya menghilang, sementara lembah berubah menjadi danau raksasa. 
Pulau kecil di tengahnya disebut Pulau Samosir. Orang-orang setempat percaya, tragedi itu mengajarkan manusia menepati janji, 
menahan amarah, dan menghormati keluarga—sebab kata-kata yang melukai dapat membawa bencana yang tak terbayangkan.",Menepati janji; Mengendalikan emosi; Menghormati keluarga,danau toba;pulau samosir;janji;kutukan,Tradisi lisan Batak,CC0 (retelling original)
CR-003,Sangkuriang (Legenda Gunung Tangkuban Parahu),Jawa Barat,Jawa,Legenda,Sangkuriang; Dayang Sumbi; Tumang,"Sangkuriang tak sadar jatuh cinta pada ibunya, Dayang Sumbi. Setelah identitas terungkap, ia menantang membuat perahu dan bendungan semalam; gagal, perahu ditendang hingga menjadi Gunung Tangkuban Parahu.","Dayang Sumbi hidup menyepi bersama anjing setianya, Tumang, yang sebenarnya jelmaan. 
Ia memiliki anak bernama Sangkuriang, pemuda tangguh namun ceroboh. 
Saat berburu, Sangkuriang memanah Tumang dan berbohong tentang kejadian itu. 
Marah, Dayang Sumbi memukul kepala Sangkuriang dan mengusirnya. 
Bertahun kemudian, mereka bertemu tanpa saling mengenal; Sangkuriang terpikat pada kecantikan Dayang Sumbi yang awet muda. 
Ketika melihat bekas luka di kepala Sangkuriang, Dayang Sumbi sadar itu putranya. 
Untuk menggagalkan lamaran, ia mengajukan syarat mustahil: membuat bendungan dan perahu raksasa sebelum fajar. 
Sangkuriang hampir berhasil, namun Dayang Sumbi menipu dengan menyingsingkan kain hingga ayam jantan berkokok. 
Murka, Sangkuriang menendang perahu yang belum jadi; perahu itu terbalik menjadi Gunung Tangkuban Parahu, 
mengingatkan manusia akan batas dan tabu yang harus dijaga.",Kejujuran; Menjaga batas; Menahan amarah,tangkuban parahu;dayang sumbi;tabu;gunung,Tradisi lisan Sunda,CC0 (retelling original)
CR-004,Timun Mas,Jawa Tengah,Jawa,Legenda,Timun Mas; Mbok Rondo; Buto Ijo,"Seorang janda mendapat benih timun dari raksasa dengan janji menyerahkan anaknya kelak. Saat raksasa menagih, Timun Mas melarikan diri dan menyelamatkan diri dengan empat benda penangkal.","Mbok Rondo merindukan anak. Seorang raksasa, Buto Ijo, memberi benih timun dengan syarat anak yang lahir harus diserahkan kelak. 
Dari timun emas lahirlah bayi perempuan yang diberi nama Timun Mas. 
Ketika dewasa, Buto Ijo datang menagih. Seorang pertapa menghadiahi Timun Mas empat benda: biji mentimun, jarum, garam, dan terasi. 
Dalam pengejaran, biji berubah hutan lebat, jarum menjadi bambu berduri, garam menjadi lautan, dan terasi menjadi lumpur panas—semuanya menghambat raksasa. 
Akhirnya Buto Ijo tenggelam dalam kubangan mendidih. Timun Mas kembali memeluk ibunya dan bebas dari perjanjian gelap. 
Cerita ini mengajarkan kecerdikan menghadapi bahaya dan keyakinan bahwa kasih sayang ibu-anak sanggup menaklukkan rintangan.",Kecerdikan; Keberanian; Kasih sayang keluarga,buto ijo;pengejaran;pertapa;empat benda,Tradisi lisan Jawa,CC0 (retelling original)
CR-005,Legenda Rawa Pening (Baru Klinting),Jawa Tengah,Jawa,Legenda,Baru Klinting; Nenek; Warga Desa,"Anak jelmaan naga dihinakan oleh warga desa. Setelah satu-satunya orang baik menolongnya, ia mencabut patok yang menenggelamkan desa dan membentuk Rawa Pening.","Seorang anak berkulit bersisik bernama Baru Klinting datang ke desa meminta makan. 
Warga yang tengah berpesta menolaknya mentah-mentah, kecuali seorang nenek miskin yang memberi bubur sederhana. 
Sebelum pergi, Baru Klinting menancapkan sebatang patok di tanah dan menantang warga untuk mencabutnya. 
Tak seorang pun mampu. Ia kembali, mencabut patok itu sendiri; air menyembur deras, menenggelamkan desa. 
Hanya gubuk sang nenek yang selamat, karena ketulusan hati. 
Genangan itu menjadi Rawa Pening yang kita kenal hari ini. 
Kisah ini mengingatkan agar tidak merendahkan orang yang berbeda rupa dan untuk selalu mengutamakan kebaikan hati, 
sebab kebaikan sekecil apa pun dapat menyelamatkan di saat bencana datang.",Empati; Kerendahan hati; Balasan atas kebaikan,rawa pening;baru klinting;empati;banjir,Tradisi lisan Jawa,CC0 (retelling original)
CR-006,Bawang Merah dan Bawang Putih,Riau (Melayu),Sumatra,Sage/Legenda,Bawang Putih; Bawang Merah; Ibu Tiri,"Gadis baik hati bernama Bawang Putih ditekan ibu tiri dan saudara tirinya. Kebaikan hati membawanya menemukan kebahagiaan, sementara keserakahan membawa celaka bagi yang jahat.","Sejak kecil Bawang Putih kehilangan ibu dan hidup bersama ayahnya, ibu tiri, serta Bawang Merah. 
Setelah ayahnya wafat, pekerjaan rumah menumpuk di pundaknya. Suatu hari kain yang sedang dicucinya hanyut; 
ia mengejar hingga bertemu nenek yang bersedia mengembalikan kain jika Bawang Putih membantu pekerjaan. 
Selesai membantu dengan tulus, ia dihadiahi labu kecil yang berisi emas. 
Mendengar itu, ibu tiri menyuruh Bawang Merah meniru, namun ia bekerja asal-asalan dan menuntut labu besar. 
Saat dibuka, labu itu berisi ular dan binatang berbisa. 
Bawang Putih akhirnya tinggal bersama nenek yang baik, sementara ibu tiri belajar pahitnya keserakahan. 
Cerita ini menegaskan bahwa ketulusan dan kerja keras akan berbuah kebaikan pada waktunya.",Ketulusan; Kerja keras; Anti keserakahan,ibu tiri;labu emas;balasan;melayu,Tradisi lisan Melayu,CC0 (retelling original)
CR-007,Jaka Tarub dan Nawang Wulan,Jawa (tengah/umum),Jawa,Legenda,Jaka Tarub; Nawang Wulan; Bidadari,"Jaka Tarub mencuri selendang bidadari agar ia tak dapat kembali ke kahyangan. Mereka menikah, tetapi rahasia itu akhirnya terbongkar dan Nawang Wulan pulang meninggalkan dunia manusia.","Jaka Tarub menemukan tujuh bidadari mandi di telaga. Ia menyembunyikan selendang salah satunya, Nawang Wulan. 
Tak bisa kembali ke kahyangan, Nawang Wulan menikah dengan Jaka Tarub dan hidup sederhana. 
Ia memiliki cara ajaib menanak sebutir padi menjadi sepanci nasi, dengan syarat jangan pernah membuka tutup kukusan sebelum matang. 
Karena penasaran, Jaka Tarub melanggar pantangan. 
Sejak itu keajaiban lenyap; hidup mereka menjadi berat dan persediaan beras menipis. 
Saat Nawang Wulan menemukan selendangnya yang disembunyikan, ia sedih sekaligus lega. 
Ia berpamitan pulang ke kahyangan, menitipkan anak mereka dan berjanji menengok lewat cahaya bulan. 
Kisah ini mengajarkan pentingnya kejujuran dan menahan rasa ingin tahu yang berlebihan.",Kejujuran; Menghormati rahasia; Menahan rasa ingin tahu,bidadari;selendang;pantangan;telaga,Tradisi lisan Jawa,CC0 (retelling original)
CR-008,Keong Mas,Jawa Timur (keraton Panjalu),Jawa,Legenda,Dewi Candra Kirana; Keong Mas; Inggid,"Seorang putri dikutuk menjadi keong dan akhirnya kembali ke wujud aslinya berkat kebaikan seorang nenek, lalu bersatu kembali dengan kekasihnya.","Putri Candra Kirana difitnah hingga terusir dari keraton. Di tengah pelarian, sihir jahat mengubahnya menjadi seekor keong berkilau. 
Nelayan membawa keong itu pulang dan memberikannya pada seorang nenek. 
Setiap nenek pergi, keong berubah menjadi putri yang memasak dan membersihkan rumah, lalu kembali menjadi keong sebelum tuannya pulang. 
Nenek curiga dan mengintip, lalu menolong sang putri. 
Kabar kecantikan dan kebaikan Candra Kirana sampai kepada Raden Inu Kertapati yang selama ini mencarinya. 
Kutuk pun patah oleh ketulusan dan cinta yang setia. 
Mereka kembali ke kerajaan, mengungkap fitnah, dan memaafkan dengan bijaksana. 
Cerita ini menekankan kesetiaan, ketabahan, dan balasan bagi hati yang jernih.",Kesetiaan; Ketabahan; Kebaikan membalas kebaikan,cinta;kutukan;nenek baik;keraton,Tradisi lisan Jawa Timur,CC0 (retelling original)
CR-009,Kebo Iwa,Bali,Bali,Legenda Sejarah,Kebo Iwa; Raja Majapahit,"Raksasa baik hati dari Bali bernama Kebo Iwa dimanfaatkan dan dikhianati, lalu gugur. Namanya dikenang sebagai pelindung rakyat yang pantang berhianat pada tanah kelahiran.","Kebo Iwa adalah lelaki raksasa dari Bali yang kuat sekaligus lembut hatinya. 
Ia membangun irigasi, menggali sumur, dan menolong rakyat. 
Ketika Majapahit berniat menaklukkan Bali, mereka menyusun siasat: memuji Kebo Iwa, memberi makan, lalu meminta ia menggali sumur raksasa. 
Saat tubuhnya letih di dasar sumur, pasukan menimbun batu dan tanah. 
Bali berduka, namun jasa Kebo Iwa tak terlupa—irigasi yang ia buat tetap menghidupi sawah. 
Kisah ini menegaskan bahwa kekuatan sejati adalah melindungi, bukan menindas; dan pengkhianatan pada kebaikan akan dikenang sebagai aib.",Pengabdian; Keadilan; Melawan pengkhianatan,bali;irigasi;majapahit;pengorbanan,Tradisi lisan Bali,CC0 (retelling original)
CR-010,Putri Mandalika (Bau Nyale),Nusa Tenggara Barat,Lombok,Legenda,Putri Mandalika; Para Pangeran; Rakyat Sasak,Putri Mandalika memilih mengorbankan diri ke laut agar tidak terjadi perang perebutan. Ia dipercaya menjelma menjadi nyale (cacing laut) yang dipanen tiap tahun.,"Putri Mandalika terkenal elok dan bijak. Banyak pangeran meminangnya, dan perebutan hampir memicu perang antar-kerajaan di Lombok. 
Pada hari pemilihan, Mandalika berdiri di tebing Pantai Seger. 
Ia berpidato bahwa cintanya adalah untuk rakyat, bukan untuk perang. 
Lalu ia meloncat ke laut, mengorbankan diri demi kedamaian. 
Ombak menenangkan, dan dari karang muncul nyale—cacing laut yang melimpah pada musim tertentu. 
Orang Sasak percaya, nyale adalah wujud cinta Mandalika yang menyatu dengan alam, memberi berkah pada rakyat. 
Upacara Bau Nyale digelar tiap tahun untuk mengenang pesan damai dan pengorbanan sang putri.",Pengorbanan; Cinta damai; Kepemimpinan,bau nyale;pantai seger;lombok;perdamaian,Tradisi lisan Sasak,CC0 (retelling original)
CR-011,La Galigo: Sawerigading,Sulawesi Selatan,Sulawesi,Epos,Sawerigading; We Cudai; Batara Guru,Bagian dari epos Bugis La Galigo yang menceritakan perjalanan Sawerigading menjemput jodohnya dan menata tatanan dunia menurut adat dan titah dewa.,"Dalam galigo, dunia manusia dan dewata saling berkelindan. 
Sawerigading, pangeran kuat dan perantau ulung, mendapat isyarat tentang jodohnya, We Cudai. 
Ia berlayar menembus badai, menaklukkan raksasa laut, dan menyeberangi negeri-negeri untuk meminangnya. 
Perkawinan mereka bukan sekadar kisah asmara, melainkan pengikat tatanan sosial: 
adat ditata, sumpah ditegakkan, dan jabatan dibagi sesuai petuah Batara Guru. 
Epos ini menegaskan kehormatan, kesetiaan pada sumpah, dan keluhuran budi sebagai fondasi masyarakat Bugis.",Kehormatan; Menepati sumpah; Kepemimpinan adat,la galigo;epos bugis;sawerigading;adat,Tradisi lisan Bugis,CC0 (retelling original)
CR-012,Toar dan Lumimuut,Sulawesi Utara (Minahasa),Sulawesi,Mitos Asal-usul,Toar; Lumimuut; Karema,Mitos Minahasa tentang leluhur Toar dan Lumimuut yang menata persekutuan Minahasa dan mengajarkan kerja sama serta pembagian wilayah.,"Karema, perempuan sakti, membimbing Lumimuut hingga bertemu Toar. 
Keduanya menjadi pasangan leluhur yang menurunkan suku-suku Minahasa. 
Mereka mengajarkan membuka ladang bersama, membagi wilayah adil, dan menyelesaikan sengketa melalui musyawarah. 
Nama-nama tempat di Minahasa sering dikaitkan dengan perjalanan mereka. 
Mitos ini menguatkan identitas bersama dan menegaskan pentingnya kerja sama untuk menghadapi alam yang keras.",Gotong royong; Musyawarah; Identitas kolektif,minahasa;leluhur;asal-usul;gotong royong,Tradisi lisan Minahasa,CC0 (retelling original)
CR-013,Batu Menangis,Kalimantan Barat,Kalimantan,Legenda,Gadis; Ibu; Penduduk Desa,"Gadis cantik malu mengakui ibunya yang miskin. Kutukan membuat tubuhnya membatu, air matanya terus mengalir menjadi sumber air.","Di lereng perbukitan Kalimantan Barat, seorang gadis sering diajak ibunya ke pasar. 
Setelah beranjak remaja dan merasa cantik, ia malu berjalan dengan ibunya yang berpakaian tambal. 
Ketika ditanya orang, ia mengaku sang ibu adalah pembantunya. 
Hati sang ibu hancur; ia memohon agar anaknya diberi pelajaran. 
Tanah bergetar, kaki sang gadis berat seperti batu. 
Dari telapak kakinya menjalar dingin hingga ke dada; ia menjerit, meminta ampun. 
Namun tubuhnya telah membeku menjadi batu, sementara air matanya tetap menetes, membentuk mata air kecil. 
Warga menamai tempat itu Batu Menangis sebagai peringatan agar anak tidak malu pada orang tua.",Hormati orang tua; Rendah hati; Jujur,kutukan;batu;air mata;orang tua,Tradisi lisan Dayak/Melayu Kalbar,CC0 (retelling original)
CR-014,Asal-usul Bukit Kelam,Kalimantan Barat (Sintang),Kalimantan,Legenda,Bujang Beji; Temenggung Marubai; Putri,Dua tokoh sakti bersaing meminang putri. Batu raksasa yang diangkat untuk membendung sungai terjatuh dan menjadi Bukit Kelam.,"Bujang Beji dan Temenggung Marubai sama-sama sakti. 
Mereka bersaing meminang putri cantik dari hulu sungai Kapuas. 
Bujang Beji berencana membendung sungai agar perahu Marubai tak bisa lewat. 
Ia memanggul batu raksasa dari gunung jauh. 
Namun ayam berkokok sebelum waktunya; Bujang Beji kaget, kehilangan kesaktian sejenak, batu terlepas dan jatuh. 
Batu itu kini dikenal sebagai Bukit Kelam di Sintang—menjadi saksi bahwa ambisi yang menghalangi orang lain akan berbalik menghalangi diri sendiri.",Jangan dengki; Berlomba secara adil; Kendalikan ambisi,bukit kelam;sintang;kapuas;bujang beji,Tradisi lisan Dayak,CC0 (retelling original)
CR-015,Nenek Luhu,Maluku (Seram),Maluku,Legenda,Nenek Luhu; Nelayan; Ikan Luhu,Seorang nenek miskin berbagi makanan pada orang lapar dan mendapat rezeki dari laut. Sikap hemat dan berbagi menjadi pesan utama.,"Nenek Luhu tinggal di tepi pantai dengan dapur kecil yang selalu berasap. 
Meski miskin, ia tak segan berbagi papeda pada siapa pun yang singgah. 
Suatu musim paceklik, nelayan tak mendapatkan ikan. 
Nenek Luhu menanak sagu terakhirnya dan membaginya pada seorang musafir. 
Keesokan hari, laut tiba-tiba penuh ikan kecil yang kini disebut ikan luhu. 
Desa kembali hidup, dan orang-orang belajar bahwa kemurahan hati menumbuhkan rezeki yang tak disangka. 
Tradisi berbagi hasil laut setiap panen pun lahir dari kisah ini.",Derma; Syukur; Hidup hemat,seram;ikan luhu;papeda;dermawan,Tradisi lisan Maluku,CC0 (retelling original)
CR-016,Asal-usul Burung Cenderawasih,Papua,Papua,Legenda Asal-usul,Gadis; Burung; Pemburu,"Seorang gadis yang mencintai hutan memilih menyatu dengan alam dan menjelma menjadi burung berwarna mempesona, cenderawasih.","Di pedalaman Papua, seorang gadis kerap menari mengikuti desau angin dan cahaya pagi. 
Ia menolak lamaran para pemburu yang hanya melihat hutan sebagai tempat mengambil. 
Ketika kampung hendak menebang hutan keramat, gadis itu memohon agar pepohonan dibiarkan hidup. 
Ia menari terakhir kalinya di bawah sinar matahari; bulu-bulu cahaya menyelimuti tubuhnya hingga ia berubah menjadi burung dengan ekor keemasan. 
Burung itu terbang di atas kanopi, mengingatkan manusia bahwa hutan bukan sekadar sumber, melainkan rumah yang harus dijaga. 
Sejak itu, orang menyebutnya cenderawasih, lambang keindahan dan kelestarian.",Cinta alam; Pelestarian; Menghormati kehidupan,papua;cenderawasih;hutan;pelestarian,Tradisi lisan Papua,CC0 (retelling original)
CR-017,Ciung Wanara,Jawa Barat,Jawa,Legenda Sejarah,Ciung Wanara; Prabu Barmawijaya; Dewi Naganingrum,"Pangeran yang dibuang sejak bayi kembali menuntut keadilan dan menyatukan kerajaan, menekankan kebijaksanaan mengatasi fitnah istana.","Karena intrik istana, bayi Ciung Wanara dihanyutkan. 
Ia dirawat rakyat jelata hingga tumbuh gagah dan cerdas. 
Ketika dewasa, ia kembali ke kerajaan Galuh, menyingkap fitnah yang menimpa ibunya, dan menantang para pejabat culas dengan kebijaksanaan, bukan dendam. 
Ia memulihkan marwah kerajaan melalui hukum yang adil dan berpihak pada rakyat. 
Cerita ini menekankan bahwa darah bangsawan bukan alasan untuk berkuasa; yang utama adalah budi pekerti dan keberanian menegakkan kebenaran.",Keadilan; Anti fitnah; Rendah hati,galuh;istana;fitnah;keadilan,Tradisi lisan Sunda,CC0 (retelling original)
CR-018,Watu Ulo,Jawa Timur (Jember),Jawa,Legenda,Ular Raksasa; Warga Pesisir,"Ular raksasa yang membantu warga meminta imbalan berlebihan. Saat ditolak, tubuhnya membatu memanjang di pantai, dikenal sebagai Watu Ulo.","Di pesisir Jember, seekor ular raksasa muncul dari laut. 
Ia menawarkan bantuan mengusir hama dengan syarat rakyat menyediakan sesaji melimpah tiap panen. 
Pada awalnya warga setuju karena panen berlimpah, namun lama-lama tuntutan sang ular menjadi tamak. 
Saat permintaan ditolak, ia mengamuk dan menggulung tubuhnya ke darat. 
Petir menyambar, tubuhnya kaku dan membatu, memanjang seperti sisik-sisik batu di tepi pantai. 
Orang menyebutnya Watu Ulo—batu ular—sebagai peringatan agar manusia tidak tunduk pada keserakahan, dan agar perjanjian selalu dijaga keseimbangannya.",Menolak keserakahan; Keseimbangan perjanjian; Keberanian warga,jember;pesisir;ular raksasa;batu,Tradisi lisan Jawa Timur,CC0 (retelling original)
CR-019,Si Pahit Lidah,Sumatera Selatan,Sumatra,Legenda,Serunting Sakti (Si Pahit Lidah); Puyang,Seorang sakti yang ucapannya jadi kutukan belajar bahwa amarah membawa petaka. Banyak batu-batu aneh diyakini bekas makhluk yang terkena kutukannya.,"Serunting adalah pemuda sakti yang terluka hatinya karena perselisihan. 
Ia berikrar setiap kata yang keluar dari mulutnya menjadi nyata—pahit lidah. 
Saat marah, ia mengutuk orang dan binatang berubah batu. 
Lama-lama ia menyesal melihat desa menjadi sepi. 
Serunting bertapa dan berjanji menggunakan ucapannya untuk melindungi, bukan melukai. 
Legenda ini menjelaskan asal-usul batu-batu berwujud aneh di daerah Musi Rawas dan sekitarnya, sambil menasihati agar manusia menjaga lisan.",Menjaga ucapan; Mengendalikan emosi; Menebus kesalahan,musi rawas;kata-kata;kutukan;batu,Tradisi lisan Sumatera Selatan,CC0 (retelling original)
CR-020,Putri Tujuh,Riau (Bengkalis),Sumatra,Legenda,Tujuh Putri; Penjaga Istana; Penyerbu,"Tujuh putri bersembunyi dari serbuan musuh di sebuah gua. Mereka tak pernah kembali, dan tempat itu dipercaya menyimpan jejak mereka.","Di pesisir Riau, kerajaan kecil diserbu perompak. 
Tujuh putri raja diungsikan ke hutan bakau dan bersembunyi di gua sempit. 
Penjaga menutup mulut gua dengan batu sementara mereka menunggu aman. 
Hari berganti, serbuan reda, namun saat batu digeser, para putri tak ditemukan—konon mereka telah menyatu dengan gua demi menjaga kehormatan. 
Warga menamai tempat itu Gua Putri Tujuh dan setiap tahun datang berziarah, mengingatkan bahwa kehormatan, keberanian, dan pengorbanan adalah harga diri sebuah negeri.",Keberanian; Kehormatan; Pengorbanan,bengkalis;gua;perompak;putri,Tradisi lisan Melayu Riau,CC0 (retelling original)
CR-021,Roro Jonggrang (Candi Seribu),Jawa Tengah (Prambanan),Jawa,Legenda,Roro Jonggrang; Bandung Bondowoso; Prabu Boko,Bandung Bondowoso diminta membangun seribu candi semalam untuk meminang Roro Jonggrang. Tipu daya membuatnya gagal; Bandung mengutuk sang putri menjadi arca.,"Bandung Bondowoso menaklukkan kerajaan Prabu Boko dan terpikat pada Roro Jonggrang. 
Sang putri menunda pinangan dengan syarat mustahil: membangun seribu candi dalam satu malam. 
Dengan bantuan makhluk halus, Bandung hampir berhasil. 
Roro Jonggrang pun menipu dengan membangunkan ayam dan membakar jerami hingga fajar seolah tiba. 
Bandung murka, menghentikan pekerjaan pada candi ke-999, lalu mengutuk Roro Jonggrang menjadi arca. 
Kompleks candi itu kini dikenang sebagai Candi Prambanan—kisah tentang akibat tipu daya dan amarah.",Kejujuran; Konsekuensi tipu daya; Kendali emosi,prambanan;seribu candi;bandung bondowoso;arca,Tradisi lisan Jawa,CC0 (retelling original)
CR-022,Lutung Kasarung,Jawa Barat,Jawa,Legenda,Purbasari; Lutung Kasarung; Purbararang,"Purbasari difitnah kakaknya. Seekor lutung sakti menolongnya dan berubah menjadi pangeran, memulihkan keadilan.","Putri Purbasari diusir karena fitnah kakaknya, Purbararang. 
Di hutan, ia bersahabat dengan lutung yang bijak dan sakti. 
Lutung menolong Purbasari menandingi ujian: membuka ladang, memanggil hewan, hingga memunculkan telaga. 
Saat kebenaran terungkap, lutung menjelma pangeran tampan, Lutung Kasarung. 
Purbasari kembali ke istana dan memerintah dengan adil, sementara Purbararang belajar menahan iri hati.",Kerendahan hati; Kejujuran mengalahkan fitnah; Anti iri dengki,sunda;fitnah;lutung;pangeran,Tradisi lisan Sunda,CC0 (retelling original)
CR-023,Cindelaras,Jawa (Jenggala),Jawa,Legenda,Cindelaras; Raja Jenggala; Ibu Raden Putri,"Cindelaras mengetahui asal-usulnya melalui ayam jago sakti. Ia bertemu raja, menang sabung ayam, dan mengungkap fitnah yang menimpa ibunya.","Di hutan, seorang ibu membesarkan Cindelaras dalam pengasingan. 
Seekor ayam jago milik Cindelaras berkokok menyebut nama pemiliknya dan asal-usulnya sebagai putra raja. 
Kabar ayam sakti sampai ke istana; Cindelaras diundang sabung ayam dan selalu menang. 
Raja curiga dan memanggilnya. Melalui cincin dan cerita, rahasia terbuka: ibu Cindelaras difitnah. 
Raja menyesal, memulihkan kehormatan, dan mengangkat Cindelaras sebagai penerus.",Kebenaran pada akhirnya menang; Menolak fitnah; Kebijaksanaan penguasa,sabung ayam;jenggala;cincin;putra raja,Tradisi lisan Jawa,CC0 (retelling original)
CR-024,Sura dan Baya (Asal-usul Surabaya),Jawa Timur (Surabaya),Jawa,Legenda Asal-usul,Ikan Sura; Buaya,Ikan hiu dan buaya berebut daerah kekuasaan. Perkelahian mereka melahirkan nama Surabaya.,"Di muara sungai, hiu Sura dan buaya Baya berebut wilayah berburu. 
Mereka berjanji membagi area: Sura di laut, Baya di sungai. 
Saat kelaparan, Sura melanggar janji dan masuk ke sungai. 
Perkelahian hebat pun terjadi; air memerah dan tepi sungai hancur. 
Tempat itu kemudian disebut Sura-baya, mengingatkan agar janji dihormati.",Menepati janji; Penyelesaian sengketa; Batas wilayah,surabaya;hiu;buaya;muara,Tradisi lisan Jawa Timur,CC0 (retelling original)
CR-025,Asal-usul Banyuwangi,Jawa Timur (Banyuwangi),Jawa,Legenda,Sri Tanjung; Sidapaksa,"Sri Tanjung difitnah selingkuh. Untuk membuktikan kesucian, ia mencebur ke sungai yang lalu beraroma harum, sehingga tempat itu dinamai Banyuwangi.","Sidapaksa difitnah atas kesetiaan istrinya, Sri Tanjung. 
Dalam putus asa, Sri Tanjung memilih mencebur ke sungai sambil bersumpah bahwa air akan menjadi harum jika ia suci. 
Air pun semerbak wangi. Sidapaksa menyesal dan membersihkan nama istrinya. 
Sungai dan wilayah itu disebut Banyuwangi—air yang wangi—agar manusia tidak gegabah menuduh.",Jangan mudah menuduh; Kesucian hati; Penyesalan dan maaf,banyuwangi;sri tanjung;fitnah;air wangi,Tradisi lisan Jawa Timur,CC0 (retelling original)
CR-026,Telaga Warna (Dieng),Jawa Tengah (Dieng),Jawa,Legenda Asal-usul,Raja; Permaisuri; Putri,"Air mata putri yang tersinggung membuat permata jatuh ke telaga, memantulkan warna-warni hingga disebut Telaga Warna.","Raja dan permaisuri lama menanti keturunan. Ketika putri lahir, mereka menuruti semua keinginannya. 
Pada ulang tahun, putri menolak hadiah sederhana rakyat dan melempar kalung permata ke telaga. 
Permata pecah dan memantulkan warna-warni di air. 
Putri menyesal dan belajar menghargai ketulusan. 
Sejak itu telaga berkilau hijau, kuning, dan biru—dikenal sebagai Telaga Warna.",Rendah hati; Menghargai pemberian; Menahan nafsu,dieng;telaga warna;permata;putri manja,Tradisi lisan Jawa Tengah,CC0 (retelling original)
CR-027,Batu Gantung (Parapat),Sumatera Utara (Parapat),Sumatra,Legenda,Gadis; Ayah; Ibu,Gadis yang menolak mengakui orang tuanya berubah menjadi batu yang menggantung di tebing tepi Danau Toba.,"Dalam perjalanan, seorang gadis malu pada orang tuanya yang sederhana. 
Ia menolak berjalan bersama mereka dan mengaku bukan anak mereka. 
Tanah retak, tubuhnya ringan lalu membatu menggantung di tebing. 
Batu itu dilihat pelancong di Parapat sebagai peringatan agar anak menghormati orang tua.",Hormati orang tua; Jangan malu asal-usul; Kejujuran,parapat;batu gantung;danau toba;orang tua,Tradisi lisan Batak,CC0 (retelling original)
CR-028,Asal-usul Danau Sentani,Papua (Jayapura),Papua,Legenda Asal-usul,Tetua; Nelayan; Roh Penjaga,Gunung retak setelah pantangan adat dilanggar; air memenuhi lembah menjadi Danau Sentani.,"Tetua adat melarang warga menebang pohon keramat di punggung gunung. 
Saat larangan dilanggar, tanah bergemuruh dan retakan besar muncul. 
Mata air memancar, menenggelamkan lembah. 
Lembah itu menjadi Danau Sentani, dan masyarakat berjanji menjaga hutan di sekelilingnya.",Patuh adat; Jaga hutan; Dampak pelanggaran,sentani;papua;hutan keramat;adat,Tradisi lisan Sentani,CC0 (retelling original)
CR-029,Putri Karang Melenu,Kalimantan Timur (Kutai),Kalimantan,Legenda Asal-usul,Putri Karang Melenu; Aji Batara Agung Dewa Sakti,Kemunculan putri dari buih sungai Mahakam menandai berdirinya kerajaan Kutai dan tatanan adat setempat.,"Di hilir Mahakam, buih sungai membentuk buaian yang membawa bayi perempuan. 
Ia dinamai Putri Karang Melenu dan kelak dipersunting Aji Batara Agung. 
Dari mereka lahir tatanan adat Kutai serta upacara erau untuk mensyukuri berkah sungai. 
Kisah ini memuliakan sungai sebagai sumber hidup.",Syukur pada alam; Menjaga sungai; Asal-usul adat,kutai;mahakam;erau;putri,Tradisi lisan Kutai,CC0 (retelling original)
CR-030,Bujang Selamat dan Bujang Sengsara,Jambi,Sumatra,Legenda,Bujang Selamat; Bujang Sengsara; Ibu,"Dua saudara kembar menerima akibat berbeda dari sifat mereka: yang santun selamat, yang culas sengsara.","Seorang ibu memiliki dua anak kembar dengan watak berlawanan. 
Perjalanan mereka menguji kejujuran, kerja keras, dan keikhlasan. 
Bujang Selamat menolong tanpa pamrih dan selalu diselamatkan; Bujang Sengsara mengambil jalan singkat dan celaka. 
Akhirnya kampung memahami bahwa nasib dibentuk oleh budi pekerti.",Kejujuran; Kerja keras; Konsekuensi watak,jambi;kembar;nasib;akhlak,Tradisi lisan Jambi,CC0 (retelling original)
CR-031,Pulau Kemaro,Sumatera Selatan (Palembang),Sumatra,Legenda,Siti Fatimah; Tan Bun An; Raja Palembang,Tragedi cinta pedagang Tionghoa dan putri Palembang melahirkan legenda Pulau Kemaro di Sungai Musi.,"Tan Bun An membawa guci mahar untuk putri Siti Fatimah. 
Saat dibuka, isi guci terlihat sawi asin sehingga Tan Bun An marah dan membuangnya ke sungai. 
Guci pecah, emas jatuh berkilau—namun ia tenggelam saat mencoba mengambilnya. 
Siti Fatimah menyusul, dan di tengah sungai muncul pulau kecil yang disebut Pulau Kemaro. 
Kisah ini mengajarkan kehati-hatian dan kepercayaan dalam cinta.",Percaya pasangan; Jangan gegabah; Harga sebuah penyesalan,musi;pulau kemaro;guci;emas,Tradisi lisan Palembang,CC0 (retelling original)
CR-032,Putroe Neng,Aceh,Sumatra,Legenda Sejarah,Putroe Neng; Laksamana Malahayati (referensial),Kisah putri asing yang datang ke Aceh dan menjadi lambang keelokan serta keteguhan hati perempuan Aceh.,"Cerita rakyat menyebut seorang putri dari seberang lautan terdampar di pantai Aceh. 
Kecantikan dan kecerdasannya membuat rakyat menamainya Putroe Neng. 
Ia mengajarkan tata krama, tenun, dan diplomasi. 
Namanya melekat pada tempat dan legenda tentang harga diri perempuan Aceh.",Martabat; Ilmu dan adab; Keteguhan hati,aceh;putroe neng;adat;perempuan,Tradisi lisan Aceh,CC0 (retelling original)
CR-033,Sigale-gale,Sumatera Utara (Samosir),Sumatra,Legenda,Raja Rahat; Patung Sigale-gale; Roh Anak,Raja membuat patung kayu menari untuk mengobati rindu pada anak. Patung hidup saat upacara dan menjadi tradisi Sigale-gale.,"Raja Rahat kehilangan putra tunggal. 
Ia memahat patung kayu yang mirip anaknya dan memintanya menari pada upacara. 
Konon roh anak masuk ke patung; tangis rakyat pecah. 
Sejak itu, pertunjukan Sigale-gale menjadi cara menghormati arwah dan meneguhkan ikatan keluarga.",Menghormati leluhur; Duka dan pengharapan; Tradisi kolektif,batak;samosir;sigale-gale;ritual,Tradisi lisan Batak Toba,CC0 (retelling original)
CR-034,Danau Limboto,Gorontalo,Sulawesi,Legenda Asal-usul,Tetua; Nelayan; Putri Danau,Air bah menutup lembah setelah janji adat dilanggar; terbentuklah Danau Limboto.,"Warga sepakat tidak memancing di telaga keramat pada malam tertentu. 
Seorang pemuda melanggar dan menangkap ikan besar. 
Air bergejolak, angin merobohkan pepohonan, dan lembah tertutup air. 
Sejak itu, Danau Limboto diperlakukan sebagai ruang hidup yang harus dijaga bersama.",Taati kesepakatan; Jaga danau; Hormat pada alam,gorontalo;limboto;adat;pantangan,Tradisi lisan Gorontalo,CC0 (retelling original)
CR-035,Situ Bagendit (Nyi Endit),Jawa Barat (Garut),Jawa,Legenda Asal-usul,Nyi Endit; Pengemis tua; Warga desa,Seorang kaya yang kikir menolak menolong. Bumi terbelah dan desanya tenggelam menjadi Situ Bagendit.,"Nyi Endit kaya namun kikir. 
Seorang pengemis tua meminta air dan ditolak mentah-mentah. 
Pengemis menancapkan tongkat; tanah terbelah, air memancar dan menenggelamkan desa. 
Hanya rumah orang dermawan yang selamat. 
Danau itu dinamai Situ Bagendit agar orang ingat pentingnya berbagi.",Derma; Jangan sombong; Akibat kikir,garut;situ bagendit;nyai endit;kedermawanan,Tradisi lisan Sunda,CC0 (retelling original)
CR-036,Situ Patenggang,Jawa Barat (Ciwidey),Jawa,Legenda,Kian Santang; Dewi Rengganis,Sepasang kekasih terpisah bertahun-tahun lalu bertemu kembali. Air mata mereka membentuk danau dan batu cinta.,"Kian Santang dan Dewi Rengganis dipisahkan oleh keadaan. 
Setelah pencarian panjang, mereka bertemu di sebuah hamparan hijau. 
Air mata bahagia membentuk telaga; sebuah batu menjadi saksi janji setia. 
Tempat itu disebut Patenggang—saling mencari—sebagai lambang kesetiaan.",Kesetiaan; Ketabahan; Janji cinta,ciwidey;situ patenggang;kian santang;rengganis,Tradisi lisan Sunda,CC0 (retelling original)
CR-037,Ande-Ande Lumut,Jawa,Jawa,Legenda/Fabel Sosial,Ande-Ande Lumut; Kleting Kuning; Yuyu Kangkang,Kleting Kuning yang sederhana menolak bantuan Yuyu Kangkang dan tetap jujur; dialah yang terpilih oleh Ande-Ande Lumut.,"Putra bangsawan menyamar sebagai Ande-Ande Lumut untuk mencari calon yang berbudi. 
Banyak gadis ingin menyeberang sungai dan menerima tumpangan Yuyu Kangkang dengan syarat mencium. 
Kleting Kuning menolak, memutar jauh, dan tetap jujur. 
Ia pun dipilih karena budi pekerti, bukan kemewahan.",Menjaga kehormatan; Jujur; Tidak tergoda jalan pintas,ande-ande lumut;kleting kuning;yuyu kangkang;ujian,Tradisi lisan Jawa,CC0 (retelling original)
CR-038,Pan Balang Tamak,Bali,Bali,Satire Rakyat,Pan Balang Tamak; Kepala Desa; Warga,"Lelaki cerdik memelintir perintah demi kepentingannya, berujung pada hukuman sosial yang menertawakan kelicikan.","Pan Balang Tamak terkenal licik dan suka menafsirkan perintah seenaknya. 
Ia mengakali kerja bakti, menipu tetangga, dan lolos dari hukuman kecil. 
Akhirnya warga bersatu mengajarnya. 
Kisah ini menjadi satire tentang aturan yang harus dipahami dengan niat baik, bukan untuk disiasati.",Kejujuran; Etika bermasyarakat; Jangan akali aturan,bali;satire;kelicikan;adat,Tradisi lisan Bali,CC0 (retelling original)
CR-039,Ni Diah Tantri,Bali,Bali,Fabel,Ni Diah Tantri; Raja; Hewan-hewan,Kumpulan kisah fabel yang diceritakan Ni Diah Tantri untuk menasihati raja dengan humor dan hikmah.,"Ni Diah Tantri menuturkan kisah hewan yang cerdik, congkak, dan setia untuk menghibur serta menasihati raja. 
Setiap cerita membawa pelajaran: jangan sombong, jangan mudah percaya, hormati janji. 
Tradisi mendongeng ini memperkuat budaya tutur dan pendidikan karakter.",Didaktik; Kebijaksanaan; Pendidikan karakter,tantri;fabel;bali;dongeng istana,Tradisi lisan Bali,CC0 (retelling original)
CR-040,Nyai Roro Kidul (Penguasa Laut Selatan),Jawa (Pesisir Selatan),Jawa,Mitos,Nyai Roro Kidul; Raja-raja Mataram,Penguasa Laut Selatan dihormati sebagai pelindung dan penyeimbang; manusia diingatkan menghormati laut.,"Ombak selatan yang ganas diyakini dijaga oleh Nyai Roro Kidul. 
Raja-raja Mataram menjalin perjanjian simbolik untuk menyeimbangkan darat dan laut. 
Nelayan memberi sesaji sebelum berlayar. 
Mitos ini menanamkan rasa hormat pada alam dan batas-batas manusia.",Hormat pada alam; Keseimbangan; Batas manusia,laut selatan;sesaji;mataram;mitos,Tradisi lisan Jawa,CC0 (retelling original)
CR-041,Asal-usul Reog Ponorogo,Jawa Timur (Ponorogo),Jawa,Legenda Seni,Raja Kelana Sewandana; Warok; Singo Barong,"Kesenian reog lahir dari kisah keberanian dan kritik kepada penguasa, diwujudkan dalam topeng singa raksasa dan barisan warok.","Reog Ponorogo berkisah tentang Kelana Sewandana dan pasukan warok yang gagah. 
Topeng Singo Barong melambangkan kekuatan sekaligus sindiran terhadap keserakahan. 
Tarian, musik kendang, dan dadak merak menjadi simbol keberanian rakyat yang tetap santun dalam kritik.",Keberanian; Kritik yang santun; Identitas budaya,ponorogo;reog;singo barong;warok,Tradisi lisan Ponorogo,CC0 (retelling original)
CR-042,Danau Tempe,Sulawesi Selatan (Wajo),Sulawesi,Legenda Asal-usul,Nelayan; Naga Danau; Tetua,Pertempuran makhluk gaib menyebabkan tanah ambles dan membentuk Danau Tempe yang subur ikan.,"Nelayan Wajo menyaksikan cahaya dan pusaran besar di tengah rawa. 
Tetua adat mengatakan ada pertarungan makhluk penunggu air. 
Esoknya, tanah ambles dan air memenuhi cekungan. 
Danau Tempe menjadi sumber hidup dan harus dijaga pantangannya.",Jaga alam perairan; Hormati pantangan; Kebersamaan nelayan,wajo;danau tempe;rawa;adat,Tradisi lisan Bugis,CC0 (retelling original)
CR-043,Wa Kaa Kaa dan Dayana (Asal-usul Buton),Sulawesi Tenggara (Buton),Sulawesi,Legenda Sejarah,Wa Kaa Kaa; Dayana; Rakyat Wolio,Pertemuan Wa Kaa Kaa dan Dayana menandai awal Kesultanan Buton dan adat Wolio.,"Di pesisir Wolio, Wa Kaa Kaa bertemu perantau Dayana. 
Keduanya memimpin rakyat menyusun hukum adat dan tata pelabuhan. 
Kisah ini menjadi asal-usul institusi dan gelar di Buton, menekankan musyawarah sebagai dasar pemerintahan.",Musyawarah; Tata kelola; Persatuan pesisir,buton;wolio;adat;sultan,Tradisi lisan Buton,CC0 (retelling original)
CR-044,Danau Tolire,Maluku Utara (Ternate),Maluku,Legenda,Gadis; Ayah; Warga Ternate,Dosa besar memicu gempa; tanah terbelah menjadi Danau Tolire Besar dan Kecil.,"Sebuah kabar aib mengguncang kampung di kaki Gunung Gamalama. 
Bumi bergetar, tanah menganga, dan air memenuhi lubang besar. 
Warga menamai tempat itu Danau Tolire dan menetapkan pantangan untuk menjaga kesucian kampung.",Menjaga martabat; Taati norma; Dampak pelanggaran,ternate;tolire;gamalama;pantangan,Tradisi lisan Ternate,CC0 (retelling original)
CR-045,Batu Golog (Rote),Nusa Tenggara Timur (Rote Ndao),Nusa Tenggara,Legenda,Gadis Rote; Pemuda; Tetua Adat,Janji yang diingkari membuat sepasang kekasih terpisah; batu karang menyerupai wujud mereka dikenang sebagai Batu Golog.,"Di tepi pantai Rote, sepasang kekasih berjanji setia. 
Saat lamaran ditolak keluarga, mereka memilih melompat dari tebing. 
Ombak menjilat karang hingga menyerupai sosok berpelukan—disebut Batu Golog. 
Kisah ini mengingatkan pentingnya restu dan kebijaksanaan keluarga.",Restu orang tua; Kebijaksanaan; Setia pada janji,rote;batu golog;karang;janji,Tradisi lisan Rote,CC0 (retelling original)
CR-046,Asal-usul Komodo,Nusa Tenggara Timur (Komodo),Nusa Tenggara,Legenda Asal-usul,Loh Li; Putra manusia; Putra komodo,Seorang ibu melahirkan bayi manusia dan bayi komodo kembar. Ia diminta menyayangi keduanya sebagai saudara.,"Loh Li melahirkan anak kembar: satu manusia, satu komodo. 
Saat dewasa, putra manusia bertemu komodo besar di hutan dan hendak memburunya. 
Ibunya datang dan berkata mereka saudara. 
Sejak itu, warga pulau menghormati komodo dan hidup berdampingan dengan bijak.",Harmoni dengan alam; Tidak serakah; Hormati kehidupan liar,komodo;lohan;saudara;konservasi,Tradisi lisan Pulau Komodo,CC0 (retelling original)
CR-047,Asal-usul Raja Ampat,Papua Barat Daya,Papua,Mitos Asal-usul,Putri Telur; Empat Pangeran; Penjaga Hutan,Empat telur menetas menjadi pangeran yang menjadi raja di empat pulau besar Raja Ampat.,"Seorang pemburu menemukan telur besar di hutan keramat. 
Dari telur menetas empat bayi laki-laki dan satu perempuan. 
Anak-anak itu kelak menjadi penguasa di empat pulau: Waigeo, Salawati, Batanta, Misool. 
Mitos ini menegaskan asal-usul kepemimpinan dan tanggung jawab menjaga hutan perairan.",Kepemimpinan; Jaga ekosistem; Asal-usul masyarakat,raja ampat;telur;empat pulau;mitos,Tradisi lisan Raja Ampat,CC0 (retelling original)
CR-048,Calon Arang,Bali (Kediri/Bali dalam versi rakyat),Bali/Java,Legenda,Calon Arang; Mpu Bharadah; Ratna Manggali,Seorang penyihir menyebar pageblug karena dendam. Pertarungan ilmu dengan Mpu Bharadah mengembalikan ketertiban.,"Calon Arang sakit hati karena putrinya sulit dipinang. 
Ia memanggil kekuatan kelam hingga wabah melanda. 
Mpu Bharadah menasihati dan akhirnya menaklukkan kegelapan melalui tapa dan ilmu yang lurus. 
Desa kembali tenteram; orang belajar bahwa ilmu harus untuk kebaikan.",Gunakan ilmu dengan benar; Jangan dendam; Tapa brata,calon arang;bharadah;wabah;ilmu hitam,Tradisi lisan Jawa-Bali,CC0 (retelling original)
CR-049,Asal-usul Banyumas (Si Umbul),Jawa Tengah (Banyumas),Jawa,Legenda Asal-usul,Si Umbul; Adipati Wirasaba; Rakyat,Seorang pemuda jujur bernama Si Umbul membuat wilayah Wirasaba bagian barat dikenal sebagai Banyumas—air yang jernih.,"Si Umbul menolong rakyat menggali saluran air hingga sawah makmur. 
Airnya jernih ('banyu emas' yang dimaknai banyu mas). 
Penguasa mengangkatnya pemimpin wilayah barat Wirasaba. 
Daerah itu kemudian dikenal Banyumas, melambangkan kejujuran dan kerja untuk rakyat.",Hidup untuk rakyat; Kejujuran; Kerja nyata,banyumas;si umbul;irigasi;asal-usul,Tradisi lisan Banyumas,CC0 (retelling original)
CR-050,Asal-usul Kota Bima (Ncuhi),Nusa Tenggara Barat (Bima),Nusa Tenggara,Legenda Sejarah,Para Ncuhi; Sang Bima; Rakyat Dana Mbojo,Para kepala adat (Ncuhi) mempersatukan kampung-kampung menjadi Bima dengan sumpah menjaga adat dan laut.,"Di Dana Mbojo, para Ncuhi memimpin kampung masing-masing. 
Ancaman perompak membuat mereka bersatu dan mengangkat seorang pemersatu. 
Mereka bersumpah menjaga laut, ladang, dan adat. 
Persatuan itu menjadi cikal-bakal Kota Bima yang menjujung gotong royong.",Persatuan; Gotong royong; Menjaga laut dan adat,bima;ncuhi;dana mbojo;persatuan,Tradisi lisan Bima,CC0 (retelling original)
CR-051,Asal-usul Kota Pontianak,Kalimantan Barat (Pontianak),Kalimantan,Legenda Sejarah,Syarif Abdurrahman; Penjaga Sungai; Hantu Kuntilanak,Gangguan makhluk gaib di muara Kapuas diusir dengan tembakan meriam. Penetapan tapak kerajaan melahirkan nama Pontianak.,"Rombongan Syarif Abdurrahman menyusuri muara Kapuas untuk mencari tempat mendirikan pemukiman.
Di kegelapan rawa, suara tawa dan gangguan gaib mengusik perahu. 
Ia menembakkan meriam ke arah suara, lalu hening menyelimuti hutan nipah.
Di sana didirikan keraton dan masjid pertama. 
Orang menamai tempat itu Pontianak, mengingat peristiwa pengusiran gangguan di muara sungai.",Keberanian; Kepemimpinan; Menjaga batas alam-gaib,kapuas;meriam;keraton;muara,Tradisi lisan Kalimantan Barat,CC0 (retelling original)
CR-052,Si Lancang,Riau,Sumatra,Legenda,Si Lancang; Ibunda; Raja Negeri,"Si Lancang melupakan ibunya setelah kaya. Perahunya karam dan harta berhamburan di sungai, menjadi pelajaran tentang durhaka.","Si Lancang berangkat merantau dan menjadi saudagar kaya.
Saat kembali, ia malu pada ibunya yang miskin dan mengusirnya dari perahu.
Langit menghitam; badai menggulung Sungai Kampar, perahu kandas dan harta berserakan.
Si Lancang menyesal terlambat—nama baiknya tinggal dongeng yang memperingatkan anak agar tidak durhaka.",Bakti pada ibu; Rendah hati; Rezeki harus disyukuri,riau;kampar;saudagar;durhaka,Tradisi lisan Melayu Riau,CC0 (retelling original)
CR-053,Bujang Sembilan (Danau Maninjau),Sumatera Barat,Sumatra,Legenda Asal-usul,Bujang Sembilan; Gadis; Tetua Kampung,Fitnah menyebabkan sembilan pemuda bersumpah. Gunung meletus dan cekungan besar terisi air menjadi Danau Maninjau.,"Sembilan bujang jatuh cinta pada seorang gadis. Fitnah memecah kampung.
Mereka bersumpah di puncak bahwa kebenaran akan tampak.
Gunung pun bergemuruh, batu longsor, dan cekungan raksasa terisi air.
Itulah Danau Maninjau, pengingat agar lidah dijaga dan fitnah dihindari.",Jangan memfitnah; Menjaga lisan; Musyawarah,maninjau;bujang sembilan;sumbar;danau,Tradisi lisan Minangkabau,CC0 (retelling original)
CR-054,Putri Pinang Masak,Jambi,Sumatra,Legenda,Putri Pinang Masak; Pangeran; Rakyat Jambi,Putri cantik dengan wibawa menolak lamaran yang memicu perang. Kebijaksanaannya menyatukan negeri Jambi.,"Putri Pinang Masak terkenal elok dan arif. Banyak pangeran datang meminang.
Ketika konflik memanas, ia memilih jalan damai dengan syarat yang melindungi rakyat.
Para pemimpin tunduk pada kebijakan itu, sehingga negeri Jambi aman.
Nama putri dikenang sebagai teladan pemimpin yang mengutamakan rakyat.",Kebijaksanaan; Perdamaian; Kepemimpinan perempuan,jambi;putri;damai;negeri,Tradisi lisan Jambi,CC0 (retelling original)
CR-055,Batu Belah Batu Betangkup,Sumatra/Melayu,Sumatra,Legenda,Ibu; Anak; Batu Keramat,Seorang ibu putus asa memohon pada batu keramat agar menelannya; penyesalan menyisakan nasihat tentang sabar dan sayang keluarga.,"Kemiskinan dan rengekan anak membuat seorang ibu putus asa.
Di hutan, ia memohon pada batu keramat untuk menelannya agar beban selesai.
Batu terbelah dan menutup kembali, anak-anak menjerit terlambat.
Kisah ini menasihati keluarga agar saling menguatkan dan tidak tega mengucap kata menyakiti.",Sabar; Sayang keluarga; Menahan emosi,batu belah;melayu;keramat;ibu,Tradisi lisan Melayu Sumatra,CC0 (retelling original)
CR-056,Jayaprana dan Layonsari,Bali (Buleleng),Bali,Legenda Tragis,Jayaprana; Layonsari; Raja,Pasangan suci dikhianati oleh hasrat penguasa. Kematian mereka diperingati sebagai kisah cinta dan kesetiaan.,"Jayaprana, pemuda jujur, menikahi Layonsari yang cantik.
Raja terpikat dan mengutus Jayaprana dalam tugas berbahaya.
Jayaprana gugur, Layonsari memilih setia menyusulnya.
Di hutan, keduanya dihormati sebagai simbol kesetiaan yang tak kalah dari kekuasaan.",Kesetiaan; Bahaya nafsu berkuasa; Integritas,bali;jayaprana;layonsari;tragis,Tradisi lisan Bali,CC0 (retelling original)
CR-057,Tirta Empul (Mata Air Tampaksiring),Bali (Gianyar),Bali,Legenda Asal-usul,Dewa Indra; Raja Mayadenawa; Rakyat Bali,Dewa membuka mata air suci untuk menyembuhkan rakyat dari racun raja zalim. Mata air itu disebut Tirta Empul.,"Raja Mayadenawa menebar racun pada rakyat.
Dewa Indra menghujam tanah dengan tongkatnya; air jernih memancar menyembuhkan orang sakit.
Sumber itu dinamai Tirta Empul—air suci untuk penyucian.
Hingga kini, orang mandi di pancuran untuk memohon jernihnya hati.",Penyucian diri; Keadilan; Harapan,tampaksiring;air suci;indera;mayadenawa,Tradisi lisan Bali,CC0 (retelling original)
CR-058,Barong dan Rangda,Bali,Bali,Mitos,Barong; Rangda; Penari; Desa,Pertarungan abadi antara Barong (penjaga) dan Rangda (kekacauan) menjadi simbol keseimbangan hidup.,"Rangda bangkit membawa pageblug dan kekacauan.
Barong datang sebagai pelindung, menahan amuk dan mengembalikan keseimbangan.
Keduanya tidak musnah—sebab hidup selalu menimbang terang dan gelap.
Upacara dan tari menjadi doa bersama bagi keselamatan desa.",Keseimbangan; Gotong royong spiritual; Keteguhan,barong;rangda;upacara;bali,Tradisi lisan Bali,CC0 (retelling original)
CR-059,Aji Saka (Aksara Jawa),Jawa,Jawa,Legenda Asal-usul,Aji Saka; Dora; Sembada; Prabu Dewata Cengkar,Aji Saka menaklukkan raja pemakan manusia. Sandiwastra tentang Dora-Sembada melahirkan urutan aksara Jawa.,"Aji Saka datang ke Medang yang diperintah raja kejam Dewata Cengkar.
Ia menipu sang raja hingga terseret ke laut. 
Sementara dua pengikutnya, Dora dan Sembada, saling setia pada titah, berujung tragis.
Kisah mereka diabadikan dalam susunan aksara sebagai pelajaran tentang setia, jelas perintah, dan akibat salah paham.",Setia; Kejelasan amanah; Melawan kekejaman,aksara jawa;aji saka;medang;dora sembada,Tradisi lisan Jawa,CC0 (retelling original)
CR-060,Panji Asmara Bangun & Dewi Sekartaji,Jawa Timur/Jawa Tengah,Jawa,Legenda Romansa,Panji; Sekartaji; Musuh Istana,"Panji dan Sekartaji berulang kali terpisah menyamar, namun selalu dipertemukan takdir. Siklus Panji tersebar di Nusantara.","Intrik istana memisahkan Panji dan Sekartaji.
Mereka menyamar, berkelana, dan menyejukkan rakyat yang tertindas.
Pada waktunya, keduanya bertemu kembali dan memulihkan tatanan.
Cerita Panji mengajarkan setia, welas asih, dan kepemimpinan yang dekat dengan rakyat.",Setia; Welas asih; Kepemimpinan,panji;sekartaji;penyamaran;romansa,Tradisi lisan Jawa-Panji,CC0 (retelling original)
CR-061,Si Pitung (Jawara Betawi),DKI Jakarta (Betawi),Jawa,Legenda Rakyat,Si Pitung; Guru Bang Pitung; Juragan Kaya,Jawara Betawi merampas harta tuan serakah untuk rakyat. Namanya jadi simbol perlawanan dan keadilan.,"Di kampung rawa Jakarta tempo dulu, Pitung belajar silat dan mengaji.
Ketika tuan tanah menindas, ia mengambil harta mereka dan membagikannya pada warga.
Banyak pengejar datang, namun Pitung licin dan populer.
Ia dikenang sebagai simbol keberpihakan pada wong cilik.",Keadilan sosial; Keberanian; Solidaritas,betawi;pitung;jawara;wong cilik,Tradisi lisan Betawi,CC0 (retelling original)
CR-062,Joko Kendil,Jawa,Jawa,Dongeng,Joko Kendil; Putri; Raja,Pemuda buruk rupa berhati baik menikahi putri berkat ketulusan; rupa sejati terungkap pada waktunya.,"Joko Kendil berwajah tak sedap dipandang, kerap ditertawakan.
Hatinya baik; ia menolong orang tanpa pamrih.
Putri yang bijak memilih Joko Kendil karena budi pekerti, bukan rupa.
Pada waktunya, rupa sejati yang tampan muncul—menegaskan nilai hati di atas kulit.",Nilai budi; Jangan menilai dari rupa; Ketulusan,joko kendil;putri;dongeng;jawa,Tradisi lisan Jawa,CC0 (retelling original)
CR-063,Dewi Sri (Padi dan Kemakmuran),Jawa/Bali,Jawa/Bali,Mitos Pertanian,Dewi Sri; Rakyat Tani; Sawah,Dewi Sri memberi padi dan mengajarkan siklus tanam; upacara selamatan dilakukan untuk menjaga harmoni.,"Dewi Sri turun membawa benih padi, mengajarkan menanam, menyiangi, dan berbagi hasil.
Ia meminta manusia merawat tanah dan air dengan hormat.
Selamatan panen digelar sebagai tanda syukur.
Padi menjadi simbol hidup yang harus dijaga bersama.",Syukur; Harmoni alam; Berbagi hasil,dewi sri;padi;sawah;selamatan,Tradisi lisan agraris Jawa-Bali,CC0 (retelling original)
CR-064,Kawah Putih Ciwidey,Jawa Barat (Ciwidey),Jawa,Legenda Asal-usul,Tetua; Penambang; Gunung Patuha,Danau belerang berwarna pucat diyakini terbentuk dari kemarahan penunggu gunung yang terganggu.,"Burung enggan melintas di puncak Patuha—tanda ada yang keramat.
Penambang yang serakah menggali batu belerang berlebih.
Asap menutupi lembah, air memucat menjadi kawah putih.
Orang lantas menjaga tata krama saat berkunjung agar alam tetap damai.",Hormat pada tempat keramat; Jangan serakah; Jaga alam,ciwidey;kawah putih;patuha;belerang,Tradisi lisan Sunda,CC0 (retelling original)
CR-065,Asal-usul Gunung Merapi,DI Yogyakarta/Jawa Tengah,Jawa,Legenda,Empu Rama; Empu Permadi; Penunggu Gunung,Dua empu memindahkan gunung untuk menyeimbangkan tanah Jawa; api muncul dari pertempuran gaib menjadi Merapi.,"Demi menyeimbangkan pulau, para empu memindahkan punggung gunung.
Penunggu marah, perkelahian gaib meletupkan api dari perut bumi.
Gunung Merapi berdiri sebagai tungku raksasa yang mesti dihormati.
Warga pun menjaga pantangan dan membuat sesaji pada waktu tertentu.",Keseimbangan; Hormati alam; Pantang serakah,merapi;empu;gunung api;yogyakarta,Tradisi lisan Jawa,CC0 (retelling original)
CR-066,Poros Merapi–Keraton–Laut Selatan,DI Yogyakarta/Jawa Tengah,Jawa,Mitos Kerajaan,Raja Mataram; Nyai Roro Kidul; Penjaga Merapi,"Keraton dipandang sebagai titik keseimbangan antara api Merapi dan ombak Laut Selatan, simbol harmoni kosmologis.","Raja menata kota mengikuti garis imajiner gunung dan laut.
Di utara, Merapi adalah penjaga api; di selatan, Laut Selatan adalah kelembutan sekaligus bahaya.
Keraton menjadi penengah agar rakyat hidup seimbang.
Upacara digelar sepanjang garis itu untuk memohon keselamatan.",Keseimbangan; Tatanan; Kepemimpinan bijak,yogyakarta;keraton;poros;kosmologi,Tradisi lisan Jawa-Yogya,CC0 (retelling original)
CR-067,Watu Dodol,Jawa Timur (Banyuwangi),Jawa,Legenda,Prajurit; Penunggu Selat; Nelayan,Batu besar di tepi selat diyakini sisa perahu batu dari perang lama yang disulap penjaga selat.,"Pasukan dari seberang mengincar tanah Blambangan.
Penunggu selat mengubah perahu mereka menjadi batu agar perang berhenti.
Batu itu tetap berdiri di tepi jalan dan laut—disebut Watu Dodol.
Orang yang lewat diminta menjaga sikap agar selamat perjalanan.",Hentikan kekerasan; Hormat penjaga alam; Tertib di perjalanan,banyuwangi;watu dodol;selat;batu,Tradisi lisan Banyuwangi,CC0 (retelling original)
CR-068,Karimunjawa (Amir Hasan),Jawa Tengah (Jepara),Jawa,Legenda Sejarah,Amir Hasan; Sunan Muria; Nelayan,Seorang pemuda belajar mandiri di pulau terpencil dan menata kampung nelayan; gugusan pulau disebut Karimunjawa.,"Amir Hasan dibimbing ke pulau sepi agar belajar mengelola hidup.
Ia menanam pohon, mengatur kampung, dan melatih pelaut membaca angin.
Pulau-pulau itu menjadi ramai; orang menyebutnya Karimunjawa.
Kisah ini mengajarkan kemandirian dan kepemimpinan yang melayani.",Mandiri; Melayani; Menjaga laut,karimunjawa;jepara;nelayan;pulau,Tradisi lisan pesisir Jawa,CC0 (retelling original)
CR-069,Roro Anteng & Joko Seger (Bromo),Jawa Timur (Tengger),Jawa,Legenda Asal-usul,Roro Anteng; Joko Seger; Sang Hyang Widi,Janji sesaji anak bungsu diingkari; sang anak melompat ke kawah. Upacara Kasada dilaksanakan untuk mengenang sumpah.,"Pasangan Anteng-Seger memohon keturunan dan berjanji memberi sesaji bila dikaruniai banyak anak.
Saat tiba waktunya, mereka goyah menyerahkan si bungsu.
Anak itu melompat ke kawah Bromo demi menepati janji keluarga.
Sejak itu, suku Tengger menggelar Kasada sebagai ingat janji dan syukur.",Menepati janji; Pengorbanan; Syukur,bromo;tengger;kasada;kawah,Tradisi lisan Tengger,CC0 (retelling original)
CR-070,Danau Kelimutu,Nusa Tenggara Timur (Ende),Nusa Tenggara,Legenda Asal-usul,Tetua Lio; Penunggu Danau; Tiga Roh,Tiga kawah berwarna diyakini tempat bersemayam roh; warna berubah mengikuti suasana batin dunia.,"Di puncak Kelimutu, tiga danau berbeda warna saling berdampingan.
Tetua Lio berkata tiap danau menampung roh yang berbeda jalannya.
Saat manusia gaduh dan tamak, warna berubah gelisah; saat damai, warnanya lembut.
Pendaki diminta menjaga kata dan niat di hadapan alam.",Jaga batin; Harmoni; Hormati tempat suci,kelimutu;ende;tiga danau;warna,Tradisi lisan Lio Flores,CC0 (retelling original)
CR-071,Danau Tondano,Sulawesi Utara (Minahasa),Sulawesi,Legenda Asal-usul,Tona’as; Putri Ular; Warga Minahasa,Perkawinan manusia dan putri ular memicu bencana saat pantangan dilanggar; lembah terisi air menjadi Tondano.,"Seorang tona'as menikahi putri jelmaan ular dengan pantangan tertentu.
Ketika pantangan diabaikan, banjir besar menggenangi lembah.
Mereka menyelamatkan diri ke bukit; air menetap menjadi Danau Tondano.
Warga lalu menjaga pantangan sebagai bagian adat Minahasa.",Hormati pantangan; Jaga adat; Tanggung jawab,tondano;minahasa;putri ular;banjir,Tradisi lisan Minahasa,CC0 (retelling original)
CR-072,Putri Hijau,Sumatera Utara (Deli),Sumatra,Legenda,Putri Hijau; Raja Aceh; Pangeran Deli,Putri jelita berubah menjadi meriam saat direbut paksa; jejaknya dikenang dalam benda pusaka.,"Raja dari utara memaksa meminang Putri Hijau.
Pertempuran meletus; dalam kepungan, putri menjelma meriam menghantam kapal musuh.
Setelah itu ia lenyap, hanya tinggal pusaka dan kisahnya.
Rakyat Deli mengenangnya sebagai martabat yang tak mau ditundukkan paksa.",Martabat; Menolak paksaan; Keberanian,deli;putri hijau;meriam;pusaka,Tradisi lisan Deli Serdang,CC0 (retelling original)
CR-073,Guru Tatea Bulan,Sumatera Utara (Batak),Sumatra,Mitos Leluhur,Guru Tatea Bulan; Keturunan Marga; Batara Guru,Leluhur Batak membagi keturunan ke berbagai marga; adat disusun untuk menjaga keseimbangan.,"Dari puncak gunung, Guru Tatea Bulan menurunkan anak-anak yang menjadi asal marga.
Ia menetapkan sapaan, larangan, dan cara menyelesaikan sengketa.
Dengan adat itu, orang Batak saling mengenal hubungan dalihan na tolu.
Mitos menjadi pedoman hidup bersama.",Adat sebagai pedoman; Kekerabatan; Keseimbangan,batak;marga;dalihan na tolu;leluhur,Tradisi lisan Batak,CC0 (retelling original)
CR-074,Batu Cermin,Nusa Tenggara Timur (Labuan Bajo),Nusa Tenggara,Legenda Tempat,Nelayan; Penjaga Goa; Cahaya Pagi,Goa batu memantulkan cahaya seperti cermin; diyakini hadiah dari penjaga laut bagi nelayan jujur.,"Nelayan miskin tersesat dan berlindung di goa saat badai.
Pagi hari, sinar matahari memantul di dinding batu, menerangi jalannya pulang.
Ia berjanji jujur dalam menimbang ikan dan berbagi hasil.
Goa itu disebut Batu Cermin—cahaya yang memantulkan hati.",Kejujuran; Syukur; Berbagi hasil,labuan bajo;batu cermin;goa;cahaya,Tradisi lisan Manggarai,CC0 (retelling original)
CR-075,Danau Sentarum,Kalimantan Barat (Kapuas Hulu),Kalimantan,Legenda Asal-usul,Dayak Iban; Penjaga Rawa; Nelayan,Rawa-rawa luas menjadi danau musiman akibat sumpah penjaga hutan pada musim kemarau dan hujan.,"Penjaga hutan bersumpah menahan sungai agar ikan berbiak.
Saat musim hujan, air meluap memenuhi cekungan; ketika kemarau, air surut menampakkan daratan.
Warga memanen secukupnya mengikuti musim—itulah Sentarum.
Siapa serakah, akan tersesat oleh kabut rawa.",Kelola musim; Ambil secukupnya; Jaga rawa,sentarum;rawa;musiman;dayak iban,Tradisi lisan Kapuas Hulu,CC0 (retelling original)
CR-076,Batu Baginde,Kep. Bangka Belitung (Belitung),Sumatra,Legenda Tempat,Baginde; Istrinya; Nelayan Belitung,Sepasang batu granit raksasa di pantai dipercaya jelmaan pasangan yang menjaga laut Belitung.,"Baginde dan istrinya berdoa agar laut tenang bagi nelayan.
Mereka menjaga pantai hingga usia senja, lalu menghilang.
Di pantai muncul dua batu granit besar mirip pasangan.
Warga menyebutnya Batu Baginde—penjaga pantai yang setia.",Kesetiaan; Jaga pantai; Doa untuk pelaut,belitung;batu baginde;granit;pantai,Tradisi lisan Belitung,CC0 (retelling original)
CR-077,Nusa Penida & Jero Gede Mecaling,Bali (Nusa Penida),Bali,Mitos,Jero Gede Mecaling; Pendeta; Warga,Pulau dianggap tempat pembuangan kekacauan. Rakyat memohon agar kekuatan gelap menjadi penetral bencana.,"Ketika wabah melanda, orang percaya kekuatan gelap datang dari Nusa Penida.
Pemuka adat memohon pada Mecaling agar amarahnya dialihkan menjadi pelindung.
Sejak itu, upacara diadakan untuk menghormati dan menetralkan bala.
Kehidupan menjadi seimbang antara pengusir dan penarik bala.",Mengelola takut; Keseimbangan; Upacara bersama,nusa penida;mecaling;upacara;wabah,Tradisi lisan Bali Nusa Penida,CC0 (retelling original)
CR-078,Batu Kapal Mentawai,Sumatera Barat (Kep. Mentawai),Sumatra,Legenda Tempat,Pelaut; Roh Laut; Tetua Uma,Kapal yang melanggar pantangan karam dan membatu; jadi peringatan bagi pelaut menjaga adat.,"Pelaut luar melanggar pantangan dengan menebang bakau keramat.
Ombak menelan kapal; pagi harinya karang menyerupai lunas dan haluan.
Warga menyebutnya Batu Kapal sebagai peringatan untuk hormat pada bakau dan laut.",Jangan langgar pantangan; Lindungi bakau; Hormat laut,mentawai;batu kapal;bakau;adat,Tradisi lisan Mentawai,CC0 (retelling original)
CR-079,Fumeripits (Asal-usul Asmat),Papua Selatan (Asmat),Papua,Mitos Leluhur,Fumeripits; Burung Kasuari; Patung Kayu,Seorang leluhur memahat manusia dari kayu dan meniupkan hidup dengan tifa; lahirlah orang Asmat.,"Fumeripits selamat dari banjir besar dan hidup di rimba sagu.
Ia memahat patung dari kayu mangrove, lalu menabuh tifa hingga patung bernapas.
Patung-patung itu menjadi manusia pertama suku Asmat.
Sejak itu ukiran adalah napas hidup dan penghormatan pada leluhur.",Kreativitas; Hormat leluhur; Roh dalam seni,asmat;fumeripits;tifa;ukiran,Tradisi lisan Asmat,CC0 (retelling original)
CR-080,Maleo dan Pasir Panas,Sulawesi Tengah/Gorontalo,Sulawesi,Legenda Asal-usul,Burung Maleo; Penjaga Hutan; Anak-anak,"Maleo diajari menanam telur di pasir panas agar aman dari pemangsa, menyisakan pesan konservasi.","Burung Maleo resah karena telurnya dimangsa biawak.
Penjaga hutan mengajarinya menggali pasir panas di tepi gunung api kecil.
Telur menetas dengan hangat bumi; anak-anak diminta tak mengambilnya sembarangan.
Maleo menjadi simbol kerja sama manusia dan alam.",Konservasi; Kolaborasi manusia-alam; Tanggung jawab,maleo;pasir panas;telur;konservasi,Tradisi lisan Sulawesi,CC0 (retelling original)
CR-081,Danau Linow,Sulawesi Utara (Tomohon),Sulawesi,Legenda Asal-usul,Naga Danau; Tetua; Rakyat Tomohon,Danau berubah warna karena naga penjaga berpindah tempat; warga diminta menjaga kata hati.,"Naga penghuni danau bergerak mengikuti doa manusia.
Saat hati manusia keruh, danau memucat; ketika damai, warna berkilau.
Tetua meminta warga menjaga tutur dan perilaku di sekitar danau.",Jagalah hati; Harmoni; Tempat suci,linow;tomohon;naga;warna,Tradisi lisan Minahasa,CC0 (retelling original)
CR-082,Dewi Anjani (Rinjani),Nusa Tenggara Barat (Lombok),Nusa Tenggara,Mitos,Dewi Anjani; Rakyat Sasak; Pendaki,Penguasa gunung Rinjani melindungi hutan dan danau; pendaki diminta sopan dan menjaga kebersihan.,"Di puncak Rinjani bersemayam Dewi Anjani.
Ia menyukai hutan yang rimbun dan air yang jernih.
Orang yang sombong dan merusak sering tersesat oleh kabut.
Pendaki diajari menyapa alam sebelum melangkah.",Sopan di alam; Jaga hutan; Rendah hati,rinjani;anjani;segara anak;sasak,Tradisi lisan Sasak,CC0 (retelling original)
CR-083,Dewi Danu dan Danau Batur,Bali (Kintamani),Bali,Mitos Air,Dewi Danu; Petani Subak; Gunung Batur,Dewi Danu mengatur aliran air dari Danau Batur melalui subak agar sawah makmur.,"Ketika sawah kering, petani memohon pada Dewi Danu.
Ia mengatur aliran dari Danau Batur melalui teras dan terowongan air.
Subak lahir sebagai kesepakatan adil membagi air.
Padi kembali menguning, dan orang berjanji menjaga hulu air.",Keadilan berbagi; Jaga hulu; Kebersamaan,danu;batur;subak;air,Tradisi lisan Bali,CC0 (retelling original)
CR-084,Pulau Weh (Terpisah dari Sumatra),Aceh (Sabang),Sumatra,Legenda Asal-usul,Pelaut Aceh; Penjaga Samudra; Ikan Besar,Pulau Weh dipercaya terpisah karena hentakan makhluk laut raksasa saat manusia serakah menebang hutan pantai.,"Ketika hutan pantai ditebang tanpa sisa, ombak jadi ganas.
Makhluk laut raksasa menghentak dasar samudra; tanah terbelah.
Bagian tanah terpisah menjadi Pulau Weh—'weh' berarti terlepas.
Sejak itu, nelayan menjaga hutan pantai demi tenangnya gelombang.",Jaga hutan pantai; Jangan serakah; Harmoni maritim,sabang;pulau weh;aceh;samudra,Tradisi lisan Aceh,CC0 (retelling original)
CR-085,Batu Lubang,Gorontalo,Sulawesi,Legenda Tempat,Gadis; Ibu; Penunggu Tebing,Gadis yang durhaka diubah menjadi lubang besar di tebing; jalan tembus mengingatkan agar taat pada ibu.,"Seorang gadis malu pada ibunya yang sederhana.
Ia berbohong di depan orang banyak.
Tebing tempat ia berdiri berlubang dan menelannya.
Lubang itu kini menjadi jalan tembus yang disebut Batu Lubang.",Hormati ibu; Jujur; Jangan malu asal-usul,gorontalo;batu lubang;tebing;durhaka,Tradisi lisan Gorontalo,CC0 (retelling original)
CR-086,Gunung Tangkiling (Lovers Turned to Stone),Kalimantan Tengah (Palangkaraya),Kalimantan,Legenda,Sangiang; Sukanegara; Tetua Dayak Ngaju,Sepasang kekasih melanggar adat; tubuh mereka membatu menjadi bukit-bukit Tangkiling.,"Sangiang dan Sukanegara saling mencinta namun beda marga.
Mereka melanggar larangan perkawinan adat.
Petir menyambar; tubuh mereka membeku menjadi batu-batu bukit.
Warga menamai tempat itu Tangkiling agar adat tak dilupa.",Hormat adat; Musyawarah keluarga; Taat larangan,tangkiling;dayak ngaju;adat;bukit batu,Tradisi lisan Kalteng,CC0 (retelling original)
CR-087,Danau Ranau,Lampung Barat/Sumatera Selatan,Sumatra,Legenda Asal-usul,Petani; Ikan Raksasa; Penunggu Gunung Seminung,Ikan raksasa yang ditangkap memicu gempa; cekungan besar terisi air menjadi Danau Ranau.,"Seorang petani menangkap ikan raksasa di sungai kecil.
Saat ikan menggelepar, bumi bergetar; gunung runtuh menciptakan cekungan besar.
Air mengisi cekungan menjadi Danau Ranau.
Orang berjanji tidak mengambil lebih dari yang perlu.",Ambil secukupnya; Jaga keseimbangan; Syukur,ranau;seminung;ikan raksasa;gempa,Tradisi lisan Lampung-Sumsel,CC0 (retelling original)
CR-088,Goa Kreo (Penjaga Monyet),Jawa Tengah (Semarang),Jawa,Legenda Tempat,Sun Krewu (Kreo); Monyet; Warga,Sekelompok monyet dipercaya penjaga goa dan bendungan; pelit dan kasar sering celaka.,"Pengelana mencari batu untuk membangun tempat ibadah.
Ia menitipkan batu pada kawanan monyet di goa.
Sejak itu monyet menjaga goa dan bendungan dari tangan jahil.
Siapa yang pelit dan kasar sering tergelincir oleh ulah mereka.",Jaga titipan; Santun; Jangan serakah,goa kreo;monyet;semarang;penjaga,Tradisi lisan Semarang,CC0 (retelling original)
CR-089,Tambun Bungai,Kalimantan Tengah (Kapuas),Kalimantan,Legenda Pahlawan,Tambun; Bungai; Dayak Ngaju,Dua pahlawan Dayak Ngaju melindungi kampung dari perompak; adat dan hutan dijaga bersama.,"Tambun dan Bungai bersumpah melindungi sungai dari perompak.
Mereka menegakkan hukum adat dan melarang tebang hutan sembarangan.
Kampung aman dan sungai jernih.
Nama mereka diingat saat gotong royong membuka ladang.",Keberanian; Hukum adat; Jaga hutan sungai,tambun bungai;dayak;kapuas;adat,Tradisi lisan Dayak Ngaju,CC0 (retelling original)
CR-090,Karapan Sapi (Asal-usul),Jawa Timur (Madura),Jawa,Legenda Seni,Kyai; Petani Garam; Sapi Balap,Tradisi balapan sapi lahir dari cara cepat mengolah tanah garam; kemudian jadi pesta adat.,"Petani garam mencari cara meratakan lahan dengan cepat.
Seorang kyai menyarankan melatih sapi menarik landasan ringan.
Lomba ramah berubah menjadi tradisi karapan sapi.
Orang merayakan kerja keras dengan sportivitas.",Kerja keras; Sportivitas; Tradisi dari kerja,madura;karapan sapi;garam;tradisi,Tradisi lisan Madura,CC0 (retelling original)
CR-091,Loro Blonyo (Sepasang Dewata Rumah),Jawa Tengah/DI Yogyakarta,Jawa,Legenda Rumah Tangga,Loro; Blonyo; Pengukir,Sepasang arca dianggap penjaga harmoni rumah; ditempatkan di pelaminan dan ruang tamu.,"Pengukir membuat arca pasangan yang memancarkan teduh.
Warga merasa rumah lebih damai ketika arca ditempatkan di sudut.
Arca disebut Loro Blonyo—simbol rukun, rezeki, dan kesuburan.",Rukun; Saling menghormati; Syukur,loro blonyo;arca;jawa;rumah,Tradisi lisan Jawa,CC0 (retelling original)
CR-092,Bajo & Laut (Orang Laut),Sulawesi Tenggara/NTT,Sulawesi/Nusa Tenggara,Legenda Asal-usul,Leluhur Bajo; Ikan Penuntun; Samudra,Leluhur Bajo mengikuti ikan penuntun hingga menemukan teluk-teluk teduh; mereka berjanji menjaga laut.,"Leluhur bermimpi tentang ikan yang memimpin ke teluk teduh.
Mereka mengayuh perahu mengikuti bintang dan arus.
Di teluk aman, mereka berjanji hidup bersahabat dengan laut dan tidak merusaknya.",Harmoni laut; Menjaga ekosistem; Nomaden bijak,bajo;orang laut;teluk;perahu,Tradisi lisan Bajo,CC0 (retelling original)
CR-093,Danau Kakaban (Ubur-ubur Tanpa Sengat),Kalimantan Timur (Derawan),Kalimantan,Legenda Asal-usul,Penjaga Karst; Ubur-ubur; Nelayan,Laut yang terperangkap menjadi danau; ubur-ubur kehilangan sengatnya dan menjadi sahabat manusia.,"Tebing karst menutup teluk kecil dan memerangkap air laut.
Waktu berjalan, air jadi danau dan ubur-ubur beradaptasi tanpa sengat.
Nelayan dilarang mengambilnya—mereka adalah penanda kesucian perairan.",Jaga keunikan alam; Larangan demi kelestarian; Rasa ingin tahu bijak,kakaban;derawan;ubur-ubur;karst,Tradisi lisan pesisir Berau,CC0 (retelling original)
CR-094,Gunung Batok,Jawa Timur (Tengger),Jawa,Legenda,Raksasa; Bidadari; Rakyat Tengger,"Raksasa membawa batok kelapa berisi pasir untuk menutup lembah, tetapi gagal dan pasirnya jadi gunung.","Raksasa jatuh cinta pada bidadari dan menantang membuat bukit semalam.
Ia membawa pasir dalam batok raksasa.
Ayam berkokok sebelum selesai; pasir tumpah menjadi Gunung Batok.
Raksasa gagal, dan bidadari bebas memilih hidupnya.",Kejujuran dalam syarat; Jangan memaksa; Ketetapan alam,batok;bromo;tengger;pasir,Tradisi lisan Tengger,CC0 (retelling original)
CR-095,Reog Singa Depok (Varian Betawi),DKI Jakarta (Betawi),Jawa,Legenda Seni,Singa Depok; Jawara; Warga,"Pertunjukan topeng singa menjadi penolak bala kampung, mengajarkan kebersamaan.","Kampung di pinggir hutan kerap diganggu binatang liar.
Warga membuat topeng singa dan menari mengelilingi kampung.
Sejak itu gangguan reda, dan tradisi disebut Singa Depok.
Tarian ini meneguhkan keberanian bersama.",Kebersamaan; Penolak bala; Seni rakyat,betawi;singa depok;reog;kampung,Tradisi lisan Betawi,CC0 (retelling original)
CR-096,Nyi Anteh (Penunggu Bulan),Jawa,Jawa,Dongeng,Nyi Anteh; Kucing; Penenun,Nyi Anteh menenun benang di bulan ditemani kucing; bayangnya tampak pada purnama.,"Nyi Anteh terangkat ke bulan saat mengejar benang tenunnya yang melayang.
Ia menenun abadi ditemani seekor kucing.
Anak-anak menunjukkan bayang di purnama dan menyebutnya Nyi Anteh.
Kisah ini mengajarkan kesabaran dan tekun.",Sabar; Tekun; Imajinasi anak,bulan;nyi anteh;tenun;kucing,Tradisi lisan Jawa,CC0 (retelling original)
CR-097,Gunung Gamalama,Maluku Utara (Ternate),Maluku,Legenda,Gamalama; Pelaut; Penjaga Rempah,Gunung dipandang sebagai penjaga rempah; siapa tamak menebang cengkih tanpa izin sering celaka di lereng.,"Di kaki Gamalama tumbuh cengkih harum.
Gunung dianggap penjaga keadilan hasil bumi.
Orang tamak yang menjarah sering tergelincir batu-batu licin.
Warga membuat upacara syukur sebelum panen.",Syukur panen; Anti keserakahan; Hormat gunung,ternate;gamalama;cengkih;rempah,Tradisi lisan Ternate,CC0 (retelling original)
CR-098,Batu Balai,Sumatera Barat (Pariaman),Sumatra,Legenda Tempat,Hakim Adat; Pemuda; Gadis,Batu besar menyerupai balai rapat diyakini tempat sidang adat yang mendamaikan sengketa.,"Dua keluarga bersengketa soal batas sawah.
Di bawah batu besar yang mirip balai, tetua menengahi mereka.
Kesepakatan dicapai; batu itu disebut Batu Balai sebagai penanda damai.",Musyawarah; Keadilan; Rukun tetangga,pariaman;batu balai;sawah;adat,Tradisi lisan Minangkabau,CC0 (retelling original)
CR-099,Batu Kucing (Belitung),Kep. Bangka Belitung (Belitung),Sumatra,Legenda Tempat,Kucing Nelayan; Anak Kecil; Penunggu Pantai,Kucing yang setia menunggu tuannya di pantai menjadi batu; warga menyayangi hewan peliharaan.,"Seorang nelayan tak pulang-pulang, kucingnya menunggu di pantai berhari-hari.
Ombak pasang menggenang, tubuh kucing kaku seperti batu.
Warga menamai karang itu Batu Kucing agar orang ingat kesetiaan.",Kesetiaan; Sayangi hewan; Harap dan doa,belitung;batu kucing;pantai;nelayan,Tradisi lisan Belitung,CC0 (retelling original)
CR-100,Tanah Lot,Bali (Tabanan),Bali,Legenda Tempat Suci,Dang Hyang Nirartha; Ular Penjaga; Nelayan,Seorang pendeta memindahkan bongkahan tanah ke tengah laut untuk bersemadi; ular laut menjaga pura dari gangguan.,"Dang Hyang Nirartha berkelana di pesisir dan menemukan batu menjorok ke laut.
Ia memohon batu itu bergeser menjadi pulau kecil agar dapat bersemadi.
Ular laut diciptakan sebagai penjaga pura dari mara bahaya.
Tempat itu dinamai Tanah Lot, pertemuan tanah dan laut.",Keteguhan iman; Penjagaan; Harmoni alam-spiritual,tanah lot;nirartha;pura;ular laut,Tradisi lisan Bali,CC0 (retelling original)
